"","Date","Taylor Swift","Kenny Chesney","Tim McGraw","Mariah Carey","Keith Urban"
"4","1990-1-6",0,0,0,0,0
"1","1990-1-13",0,0,0,0,0
"2","1990-1-20",0,0,0,0,0
"3","1990-1-27",0,0,0,0,0
"21","1990-2-3",0,0,0,0,0
"18","1990-2-10",0,0,0,0,0
"19","1990-2-17",0,0,0,0,0
"20","1990-2-24",0,0,0,0,0
"25","1990-3-3",0,0,0,0,0
"22","1990-3-10",0,0,0,0,0
"23","1990-3-17",0,0,0,0,0
"24","1990-3-24",0,0,0,0,0
"26","1990-3-31",0,0,0,0,0
"30","1990-4-7",0,0,0,0,0
"27","1990-4-14",0,0,0,0,0
"28","1990-4-21",0,0,0,0,0
"29","1990-4-28",0,0,0,0,0
"34","1990-5-5",0,0,0,0,0
"31","1990-5-12",0,0,0,0,0
"32","1990-5-19",0,0,0,0,0
"33","1990-5-26",0,0,0,0,0
"36","1990-6-2",0,0,0,1,0
"39","1990-6-9",0,0,0,2,0
"35","1990-6-16",0,0,0,3,0
"37","1990-6-23",0,0,0,4,0
"38","1990-6-30",0,0,0,5,0
"43","1990-7-7",0,0,0,6,0
"40","1990-7-14",0,0,0,7,0
"41","1990-7-21",0,0,0,8,0
"42","1990-7-28",0,0,0,9,0
"47","1990-8-4",0,0,0,10,0
"44","1990-8-11",0,0,0,11,0
"45","1990-8-18",0,0,0,12,0
"46","1990-8-25",0,0,0,13,0
"48","1990-9-1",0,0,0,14,0
"52","1990-9-8",0,0,0,15,0
"49","1990-9-15",0,0,0,17,0
"50","1990-9-22",0,0,0,19,0
"51","1990-9-29",0,0,0,21,0
"8","1990-10-6",0,0,0,23,0
"5","1990-10-13",0,0,0,25,0
"6","1990-10-20",0,0,0,27,0
"7","1990-10-27",0,0,0,29,0
"12","1990-11-3",0,0,0,30,0
"9","1990-11-10",0,0,0,31,0
"10","1990-11-17",0,0,0,32,0
"11","1990-11-24",0,0,0,33,0
"13","1990-12-1",0,0,0,34,0
"17","1990-12-8",0,0,0,35,0
"14","1990-12-15",0,0,0,36,0
"15","1990-12-22",0,0,0,37,0
"16","1990-12-29",0,0,0,38,0
"56","1991-1-5",0,0,0,39,0
"53","1991-1-12",0,0,0,40,0
"54","1991-1-19",0,0,0,42,0
"55","1991-1-26",0,0,0,44,0
"71","1991-2-2",0,0,0,46,0
"73","1991-2-9",0,0,0,48,0
"70","1991-2-16",0,0,0,50,0
"72","1991-2-23",0,0,0,52,0
"75","1991-3-2",0,0,0,54,0
"78","1991-3-9",0,0,0,56,0
"74","1991-3-16",0,0,0,57,0
"76","1991-3-23",0,0,0,58,0
"77","1991-3-30",0,0,0,59,0
"82","1991-4-6",0,0,0,61,0
"79","1991-4-13",0,0,0,63,0
"80","1991-4-20",0,0,0,65,0
"81","1991-4-27",0,0,0,67,0
"86","1991-5-4",0,0,0,69,0
"83","1991-5-11",0,0,0,71,0
"84","1991-5-18",0,0,0,73,0
"85","1991-5-25",0,0,0,75,0
"87","1991-6-1",0,0,0,76,0
"91","1991-6-8",0,0,0,77,0
"88","1991-6-15",0,0,0,78,0
"89","1991-6-22",0,0,0,79,0
"90","1991-6-29",0,0,0,80,0
"95","1991-7-6",0,0,0,81,0
"92","1991-7-13",0,0,0,82,0
"93","1991-7-20",0,0,0,83,0
"94","1991-7-27",0,0,0,84,0
"99","1991-8-3",0,0,0,85,0
"96","1991-8-10",0,0,0,86,0
"97","1991-8-17",0,0,0,86,0
"98","1991-8-24",0,0,0,86,0
"100","1991-8-31",0,0,0,87,0
"104","1991-9-7",0,0,0,88,0
"101","1991-9-14",0,0,0,89,0
"102","1991-9-21",0,0,0,90,0
"103","1991-9-28",0,0,0,91,0
"60","1991-10-5",0,0,0,92,0
"57","1991-10-12",0,0,0,93,0
"58","1991-10-19",0,0,0,94,0
"59","1991-10-26",0,0,0,95,0
"62","1991-11-2",0,0,0,96,0
"65","1991-11-9",0,0,0,97,0
"61","1991-11-16",0,0,0,99,0
"63","1991-11-23",0,0,0,101,0
"64","1991-11-30",0,0,0,103,0
"69","1991-12-7",0,0,0,105,0
"66","1991-12-14",0,0,0,107,0
"67","1991-12-21",0,0,0,109,0
"68","1991-12-28",0,0,0,111,0
"108","1992-1-4",0,0,0,113,0
"105","1992-1-11",0,0,0,115,0
"106","1992-1-18",0,0,0,116,0
"107","1992-1-25",0,0,0,117,0
"122","1992-2-1",0,0,0,118,0
"126","1992-2-8",0,0,0,119,0
"123","1992-2-15",0,0,0,120,0
"124","1992-2-22",0,0,0,122,0
"125","1992-2-29",0,0,0,124,0
"130","1992-3-7",0,0,0,126,0
"127","1992-3-14",0,0,0,128,0
"128","1992-3-21",0,0,0,130,0
"129","1992-3-28",0,0,0,132,0
"134","1992-4-4",0,0,0,133,0
"131","1992-4-11",0,0,0,134,0
"132","1992-4-18",0,0,0,135,0
"133","1992-4-25",0,0,0,136,0
"136","1992-5-2",0,0,0,137,0
"139","1992-5-9",0,0,0,138,0
"135","1992-5-16",0,0,0,139,0
"137","1992-5-23",0,0,0,140,0
"138","1992-5-30",0,0,0,142,0
"143","1992-6-6",0,0,0,144,0
"140","1992-6-13",0,0,0,146,0
"141","1992-6-20",0,0,0,148,0
"142","1992-6-27",0,0,0,150,0
"147","1992-7-4",0,0,0,152,0
"144","1992-7-11",0,0,0,153,0
"145","1992-7-18",0,0,0,154,0
"146","1992-7-25",0,0,0,155,0
"148","1992-8-1",0,0,0,156,0
"152","1992-8-8",0,0,0,157,0
"149","1992-8-15",0,0,0,158,0
"150","1992-8-22",0,0,0,159,0
"151","1992-8-29",0,0,0,160,0
"156","1992-9-5",0,0,0,161,0
"153","1992-9-12",0,0,0,162,0
"154","1992-9-19",0,0,0,163,0
"155","1992-9-26",0,0,0,164,0
"112","1992-10-3",0,0,0,165,0
"109","1992-10-10",0,0,0,166,0
"110","1992-10-17",0,0,0,166,0
"111","1992-10-24",0,0,0,166,0
"113","1992-10-31",0,0,0,166,0
"117","1992-11-7",0,0,0,166,0
"114","1992-11-14",0,0,0,166,0
"115","1992-11-21",0,0,0,166,0
"116","1992-11-28",0,0,0,166,0
"121","1992-12-5",0,0,0,166,0
"118","1992-12-12",0,0,0,166,0
"119","1992-12-19",0,0,0,166,0
"120","1992-12-26",0,0,0,166,0
"158","1993-1-2",0,0,0,166,0
"161","1993-1-9",0,0,0,166,0
"157","1993-1-16",0,0,0,166,0
"159","1993-1-23",0,0,0,166,0
"160","1993-1-30",0,0,0,166,0
"178","1993-2-6",0,0,0,166,0
"175","1993-2-13",0,0,0,166,0
"176","1993-2-20",0,0,0,166,0
"177","1993-2-27",0,0,0,166,0
"182","1993-3-6",0,0,0,166,0
"179","1993-3-13",0,0,0,166,0
"180","1993-3-20",0,0,0,166,0
"181","1993-3-27",0,0,0,166,0
"186","1993-4-3",0,0,0,166,0
"183","1993-4-10",0,0,0,166,0
"184","1993-4-17",0,0,0,166,0
"185","1993-4-24",0,0,0,166,0
"187","1993-5-1",0,0,0,166,0
"191","1993-5-8",0,0,0,166,0
"188","1993-5-15",0,0,0,166,0
"189","1993-5-22",0,0,0,166,0
"190","1993-5-29",0,0,0,166,0
"195","1993-6-5",0,0,0,166,0
"192","1993-6-12",0,0,0,166,0
"193","1993-6-19",0,0,0,166,0
"194","1993-6-26",0,0,0,166,0
"199","1993-7-3",0,0,0,166,0
"196","1993-7-10",0,0,0,166,0
"197","1993-7-17",0,0,0,166,0
"198","1993-7-24",0,0,0,166,0
"200","1993-7-31",0,0,0,166,0
"204","1993-8-7",0,0,0,167,0
"201","1993-8-14",0,0,0,168,0
"202","1993-8-21",0,0,0,169,0
"203","1993-8-28",0,0,0,170,0
"208","1993-9-4",0,0,0,171,0
"205","1993-9-11",0,0,0,172,0
"206","1993-9-18",0,0,0,173,0
"207","1993-9-25",0,0,0,174,0
"163","1993-10-2",0,0,0,175,0
"166","1993-10-9",0,0,0,176,0
"162","1993-10-16",0,0,0,177,0
"164","1993-10-23",0,0,0,179,0
"165","1993-10-30",0,0,0,181,0
"170","1993-11-6",0,0,0,183,0
"167","1993-11-13",0,0,0,185,0
"168","1993-11-20",0,0,0,187,0
"169","1993-11-27",0,0,0,189,0
"174","1993-12-4",0,0,0,191,0
"171","1993-12-11",0,0,0,193,0
"172","1993-12-18",0,0,0,195,0
"173","1993-12-25",0,0,0,197,0
"209","1994-1-1",0,0,0,199,0
"213","1994-1-8",0,0,0,201,0
"210","1994-1-15",0,0,0,203,0
"211","1994-1-22",0,0,0,205,0
"212","1994-1-29",0,0,0,208,0
"231","1994-2-5",0,0,0,211,0
"228","1994-2-12",0,0,0,214,0
"229","1994-2-19",0,0,0,217,0
"230","1994-2-26",0,0,0,219,0
"235","1994-3-5",0,0,1,221,0
"232","1994-3-12",0,0,2,223,0
"233","1994-3-19",0,0,3,225,0
"234","1994-3-26",0,0,4,227,0
"237","1994-4-2",0,0,5,229,0
"240","1994-4-9",0,0,6,231,0
"236","1994-4-16",0,0,7,233,0
"238","1994-4-23",0,0,8,235,0
"239","1994-4-30",0,0,9,237,0
"244","1994-5-7",0,0,10,239,0
"241","1994-5-14",0,0,11,241,0
"242","1994-5-21",0,0,13,242,0
"243","1994-5-28",0,0,15,244,0
"248","1994-6-4",0,0,17,246,0
"245","1994-6-11",0,0,19,248,0
"246","1994-6-18",0,0,21,250,0
"247","1994-6-25",0,0,23,252,0
"250","1994-7-2",0,0,25,254,0
"253","1994-7-9",0,0,27,255,0
"249","1994-7-16",0,0,29,256,0
"251","1994-7-23",0,0,30,257,0
"252","1994-7-30",0,0,31,258,0
"257","1994-8-6",0,0,32,259,0
"254","1994-8-13",0,0,33,260,0
"255","1994-8-20",0,0,34,261,0
"256","1994-8-27",0,0,35,262,0
"261","1994-9-3",0,0,36,263,0
"258","1994-9-10",0,0,37,264,0
"259","1994-9-17",0,0,38,265,0
"260","1994-9-24",0,0,39,266,0
"214","1994-10-1",0,0,40,267,0
"218","1994-10-8",0,0,40,268,0
"215","1994-10-15",0,0,40,269,0
"216","1994-10-22",0,0,40,269,0
"217","1994-10-29",0,0,40,269,0
"222","1994-11-5",0,0,40,269,0
"219","1994-11-12",0,0,40,269,0
"220","1994-11-19",0,0,40,269,0
"221","1994-11-26",0,0,40,269,0
"226","1994-12-3",0,0,40,269,0
"223","1994-12-10",0,0,40,269,0
"224","1994-12-17",0,0,40,269,0
"225","1994-12-24",0,0,40,269,0
"227","1994-12-31",0,0,40,269,0
"265","1995-1-7",0,0,40,269,0
"262","1995-1-14",0,0,40,269,0
"263","1995-1-21",0,0,40,269,0
"264","1995-1-28",0,0,40,269,0
"282","1995-2-4",0,0,40,269,0
"279","1995-2-11",0,0,40,269,0
"280","1995-2-18",0,0,40,269,0
"281","1995-2-25",0,0,40,269,0
"286","1995-3-4",0,0,40,269,0
"283","1995-3-11",0,0,40,269,0
"284","1995-3-18",0,0,40,269,0
"285","1995-3-25",0,0,40,269,0
"287","1995-4-1",0,0,40,269,0
"291","1995-4-8",0,0,40,269,0
"288","1995-4-15",0,0,40,269,0
"289","1995-4-22",0,0,40,269,0
"290","1995-4-29",0,0,40,269,0
"295","1995-5-6",0,0,40,269,0
"292","1995-5-13",0,0,40,269,0
"293","1995-5-20",0,0,40,269,0
"294","1995-5-27",0,0,40,269,0
"299","1995-6-3",0,0,40,269,0
"296","1995-6-10",0,0,40,269,0
"297","1995-6-17",0,0,40,269,0
"298","1995-6-24",0,0,40,269,0
"300","1995-7-1",0,0,40,269,0
"304","1995-7-8",0,0,40,269,0
"301","1995-7-15",0,0,40,269,0
"302","1995-7-22",0,0,40,269,0
"303","1995-7-29",0,0,40,269,0
"308","1995-8-5",0,0,40,269,0
"305","1995-8-12",0,0,40,269,0
"306","1995-8-19",0,0,40,269,0
"307","1995-8-26",0,0,41,269,0
"310","1995-9-2",0,0,42,269,0
"313","1995-9-9",0,0,43,269,0
"309","1995-9-16",0,0,44,269,0
"311","1995-9-23",0,0,45,269,0
"312","1995-9-30",0,0,46,270,0
"269","1995-10-7",0,0,47,271,0
"266","1995-10-14",0,0,48,272,0
"267","1995-10-21",0,0,49,273,0
"268","1995-10-28",0,0,50,274,0
"273","1995-11-4",0,0,51,275,0
"270","1995-11-11",0,0,52,276,0
"271","1995-11-18",0,0,53,277,0
"272","1995-11-25",0,0,54,278,0
"275","1995-12-2",0,0,55,279,0
"278","1995-12-9",0,0,56,280,0
"274","1995-12-16",0,0,57,281,0
"276","1995-12-23",0,0,58,282,0
"277","1995-12-30",0,0,59,283,0
"317","1996-1-6",0,0,61,284,0
"314","1996-1-13",0,0,62,285,0
"315","1996-1-20",0,0,63,286,0
"316","1996-1-27",0,0,64,287,0
"334","1996-2-3",0,0,65,288,0
"331","1996-2-10",0,0,65,289,0
"332","1996-2-17",0,0,65,290,0
"333","1996-2-24",0,0,65,291,0
"336","1996-3-2",0,0,65,292,0
"339","1996-3-9",0,0,65,293,0
"335","1996-3-16",0,0,65,294,0
"337","1996-3-23",0,0,65,294,0
"338","1996-3-30",0,0,65,294,0
"343","1996-4-6",0,0,65,295,0
"340","1996-4-13",0,0,65,296,0
"341","1996-4-20",0,0,65,297,0
"342","1996-4-27",0,0,65,298,0
"347","1996-5-4",0,0,65,299,0
"344","1996-5-11",0,0,65,300,0
"345","1996-5-18",0,0,65,301,0
"346","1996-5-25",0,0,65,302,0
"348","1996-6-1",0,0,65,303,0
"352","1996-6-8",0,0,65,304,0
"349","1996-6-15",0,0,65,305,0
"350","1996-6-22",0,0,65,306,0
"351","1996-6-29",0,0,65,307,0
"356","1996-7-6",0,0,65,308,0
"353","1996-7-13",0,0,65,309,0
"354","1996-7-20",0,0,65,310,0
"355","1996-7-27",0,0,65,311,0
"360","1996-8-3",0,0,65,312,0
"357","1996-8-10",0,0,65,313,0
"358","1996-8-17",0,0,65,314,0
"359","1996-8-24",0,0,65,315,0
"361","1996-8-31",0,0,65,316,0
"365","1996-9-7",0,0,65,317,0
"362","1996-9-14",0,0,65,318,0
"363","1996-9-21",0,0,65,319,0
"364","1996-9-28",0,0,65,320,0
"321","1996-10-5",0,0,65,321,0
"318","1996-10-12",0,0,65,322,0
"319","1996-10-19",0,0,65,323,0
"320","1996-10-26",0,0,65,324,0
"323","1996-11-2",0,0,65,325,0
"326","1996-11-9",0,0,65,326,0
"322","1996-11-16",0,0,65,326,0
"324","1996-11-23",0,0,65,326,0
"325","1996-11-30",0,0,65,326,0
"330","1996-12-7",0,0,65,326,0
"327","1996-12-14",0,0,65,326,0
"328","1996-12-21",0,0,65,326,0
"329","1996-12-28",0,0,65,326,0
"369","1997-1-4",0,0,65,326,0
"366","1997-1-11",0,0,65,326,0
"367","1997-1-18",0,0,65,326,0
"368","1997-1-25",0,0,65,326,0
"382","1997-2-1",0,0,65,326,0
"385","1997-2-8",0,0,65,326,0
"383","1997-2-15",0,0,65,326,0
"384","1997-2-22",0,0,65,326,0
"386","1997-3-1",0,0,65,326,0
"390","1997-3-8",0,0,65,326,0
"387","1997-3-15",0,0,65,326,0
"388","1997-3-22",0,0,65,326,0
"389","1997-3-29",0,0,65,326,0
"394","1997-4-5",0,0,65,326,0
"391","1997-4-12",0,0,65,326,0
"392","1997-4-19",0,0,65,326,0
"393","1997-4-26",0,0,65,326,0
"398","1997-5-3",0,0,65,326,0
"395","1997-5-10",0,0,65,326,0
"396","1997-5-17",0,0,65,326,0
"397","1997-5-24",0,0,65,326,0
"399","1997-5-31",0,0,65,326,0
"403","1997-6-7",0,0,65,326,0
"400","1997-6-14",0,0,65,326,0
"401","1997-6-21",0,0,65,326,0
"402","1997-6-28",0,0,65,326,0
"406","1997-7-5",0,0,65,326,0
"404","1997-7-12",0,0,65,326,0
"405","1997-7-19",0,0,65,326,0
"408","1997-8-2",0,0,65,326,0
"411","1997-8-9",0,0,65,326,0
"407","1997-8-16",0,0,65,326,0
"409","1997-8-23",0,0,65,326,0
"410","1997-8-30",0,0,65,326,0
"415","1997-9-6",0,0,65,326,0
"412","1997-9-13",0,0,65,327,0
"413","1997-9-20",0,0,65,328,0
"414","1997-9-27",0,0,65,329,0
"373","1997-10-4",0,0,65,330,0
"370","1997-10-11",0,0,65,331,0
"371","1997-10-18",0,0,65,332,0
"372","1997-10-25",0,0,65,333,0
"374","1997-11-1",0,0,65,334,0
"377","1997-11-8",0,0,65,335,0
"375","1997-11-15",0,0,65,336,0
"376","1997-11-22",0,0,65,337,0
"381","1997-12-6",0,0,65,338,0
"378","1997-12-13",0,0,65,339,0
"379","1997-12-20",0,0,65,340,0
"380","1997-12-27",0,0,65,341,0
"417","1998-1-3",0,0,65,342,0
"416","1998-1-10",0,0,65,343,0
"418","1998-1-31",0,0,65,343,0
"435","1998-2-7",0,0,65,343,0
"432","1998-2-14",0,0,65,343,0
"433","1998-2-21",0,0,65,343,0
"434","1998-2-28",0,0,65,343,0
"439","1998-3-7",0,0,65,343,0
"436","1998-3-14",0,0,65,343,0
"437","1998-3-21",0,0,65,343,0
"438","1998-3-28",0,0,65,343,0
"443","1998-4-4",0,0,65,343,0
"440","1998-4-11",0,0,65,343,0
"441","1998-4-18",0,0,65,343,0
"442","1998-4-25",0,0,65,343,0
"445","1998-5-2",0,0,66,343,0
"448","1998-5-9",0,1,67,344,0
"444","1998-5-16",0,2,68,345,0
"446","1998-5-23",0,3,69,346,0
"447","1998-5-30",0,4,70,347,0
"452","1998-6-6",0,5,71,348,0
"449","1998-6-13",0,6,72,349,0
"450","1998-6-20",0,7,73,350,0
"451","1998-6-27",0,7,74,351,0
"456","1998-7-4",0,7,75,352,0
"453","1998-7-11",0,7,75,353,0
"454","1998-7-18",0,7,75,354,0
"455","1998-7-25",0,7,75,355,0
"457","1998-8-1",0,7,75,356,0
"461","1998-8-8",0,7,75,357,0
"458","1998-8-15",0,7,75,358,0
"459","1998-8-22",0,7,75,359,0
"460","1998-8-29",0,7,75,360,0
"465","1998-9-5",0,7,75,361,0
"462","1998-9-12",0,7,75,362,0
"463","1998-9-19",0,7,75,363,0
"464","1998-9-26",0,7,75,363,0
"422","1998-10-3",0,7,75,363,0
"419","1998-10-10",0,7,75,363,0
"420","1998-10-17",0,7,75,363,0
"421","1998-10-24",0,7,75,363,0
"423","1998-10-31",0,7,75,363,0
"427","1998-11-7",0,7,75,363,0
"424","1998-11-14",0,7,75,363,0
"425","1998-11-21",0,7,75,363,0
"426","1998-11-28",0,7,75,363,0
"431","1998-12-5",0,7,77,363,0
"428","1998-12-12",0,7,79,363,0
"429","1998-12-19",0,7,81,363,0
"430","1998-12-26",0,7,83,363,0
"467","1999-1-2",0,7,84,363,0
"470","1999-1-9",0,7,85,363,0
"466","1999-1-16",0,7,86,363,0
"468","1999-1-23",0,7,87,363,0
"469","1999-1-30",0,7,88,363,0
"487","1999-2-6",0,8,89,364,0
"484","1999-2-13",0,9,90,365,0
"485","1999-2-20",0,10,91,366,0
"486","1999-2-27",0,11,92,367,0
"491","1999-3-6",0,12,93,368,0
"488","1999-3-13",0,13,94,369,0
"489","1999-3-20",0,14,94,370,0
"490","1999-3-27",0,15,94,371,0
"495","1999-4-3",0,16,95,372,0
"492","1999-4-10",0,17,96,373,0
"493","1999-4-17",0,18,97,374,0
"494","1999-4-24",0,19,98,375,0
"496","1999-5-1",0,20,99,376,0
"500","1999-5-8",0,21,100,377,0
"497","1999-5-15",0,22,101,378,0
"498","1999-5-22",0,23,102,379,0
"499","1999-5-29",0,24,103,380,0
"504","1999-6-5",0,25,104,381,0
"501","1999-6-12",0,26,105,382,0
"502","1999-6-19",0,27,106,383,0
"503","1999-6-26",0,28,107,383,0
"508","1999-7-3",0,28,108,383,0
"505","1999-7-10",0,29,109,383,0
"506","1999-7-17",0,30,110,383,0
"507","1999-7-24",0,31,111,383,0
"509","1999-7-31",0,32,112,383,0
"513","1999-8-7",0,33,113,383,0
"510","1999-8-14",0,34,115,383,0
"511","1999-8-21",0,35,116,383,0
"512","1999-8-28",0,36,117,383,0
"517","1999-9-4",0,37,118,383,0
"514","1999-9-11",0,38,119,383,0
"515","1999-9-18",0,39,120,383,0
"516","1999-9-25",0,40,121,383,0
"472","1999-10-2",0,41,122,383,0
"475","1999-10-9",0,42,123,383,0
"471","1999-10-16",0,43,124,383,0
"473","1999-10-23",0,44,125,383,0
"474","1999-10-30",0,45,126,383,0
"479","1999-11-6",0,46,127,383,0
"476","1999-11-13",0,47,128,383,0
"477","1999-11-20",0,49,129,383,0
"478","1999-11-27",0,50,131,383,0
"483","1999-12-4",0,51,133,383,0
"480","1999-12-11",0,52,135,383,0
"481","1999-12-18",0,53,137,383,0
"482","1999-12-25",0,54,139,383,0
"518","2000-1-1",0,55,140,383,0
"522","2000-1-8",0,56,141,384,0
"519","2000-1-15",0,57,142,384,0
"520","2000-1-22",0,58,143,384,0
"521","2000-1-29",0,59,144,384,0
"539","2000-2-5",0,60,145,384,0
"536","2000-2-12",0,60,146,384,0
"537","2000-2-19",0,60,147,384,0
"538","2000-2-26",0,60,148,384,0
"543","2000-3-4",0,60,149,384,0
"540","2000-3-11",0,60,150,384,0
"541","2000-3-18",0,60,151,384,0
"542","2000-3-25",0,60,152,384,0
"544","2000-4-1",0,61,153,384,0
"548","2000-4-8",0,62,154,384,0
"545","2000-4-15",0,63,155,384,0
"546","2000-4-22",0,64,155,384,0
"547","2000-4-29",0,65,155,384,0
"552","2000-5-6",0,66,155,384,0
"549","2000-5-13",0,67,156,384,0
"550","2000-5-20",0,68,157,384,0
"551","2000-5-27",0,69,158,384,0
"556","2000-6-3",0,70,159,384,0
"553","2000-6-10",0,71,160,384,0
"554","2000-6-17",0,72,161,384,0
"555","2000-6-24",0,73,162,384,0
"557","2000-7-1",0,74,163,384,0
"561","2000-7-8",0,75,164,384,0
"558","2000-7-15",0,76,165,384,1
"559","2000-7-22",0,77,166,384,2
"560","2000-7-29",0,77,167,384,3
"565","2000-8-5",0,77,168,384,4
"562","2000-8-12",0,77,169,384,5
"563","2000-8-19",0,77,169,384,6
"564","2000-8-26",0,77,169,384,7
"567","2000-9-2",0,77,169,384,8
"570","2000-9-9",0,77,169,384,9
"566","2000-9-16",0,77,169,384,10
"568","2000-9-23",0,77,169,384,11
"569","2000-9-30",0,77,169,384,12
"526","2000-10-7",0,77,169,384,13
"523","2000-10-14",0,77,169,384,14
"524","2000-10-21",0,78,170,384,15
"525","2000-10-28",0,79,171,384,16
"530","2000-11-4",0,80,172,384,16
"527","2000-11-11",0,81,173,384,16
"528","2000-11-18",0,82,174,384,16
"529","2000-11-25",0,83,175,384,16
"532","2000-12-2",0,84,176,384,16
"535","2000-12-9",0,85,177,384,16
"531","2000-12-16",0,86,178,384,16
"533","2000-12-23",0,87,179,384,17
"534","2000-12-30",0,88,180,384,18
"574","2001-1-6",0,89,181,384,19
"571","2001-1-13",0,90,182,384,20
"572","2001-1-20",0,91,183,384,21
"573","2001-1-27",0,92,184,384,22
"591","2001-2-3",0,93,185,384,23
"588","2001-2-10",0,94,186,384,24
"589","2001-2-17",0,95,187,384,25
"590","2001-2-24",0,96,188,384,26
"595","2001-3-3",0,97,189,384,27
"592","2001-3-10",0,98,189,384,28
"593","2001-3-17",0,99,189,384,29
"594","2001-3-24",0,100,189,384,30
"596","2001-3-31",0,101,190,384,31
"600","2001-4-7",0,102,191,384,32
"597","2001-4-14",0,103,192,384,33
"598","2001-4-21",0,104,193,384,34
"599","2001-4-28",0,105,194,384,35
"604","2001-5-5",0,106,195,384,36
"601","2001-5-12",0,107,196,384,36
"602","2001-5-19",0,108,197,384,36
"603","2001-5-26",0,109,198,384,36
"606","2001-6-2",0,110,199,384,36
"609","2001-6-9",0,111,200,384,36
"605","2001-6-16",0,112,201,384,37
"607","2001-6-23",0,113,202,384,38
"608","2001-6-30",0,114,203,384,39
"613","2001-7-7",0,115,204,384,40
"610","2001-7-14",0,116,205,384,41
"611","2001-7-21",0,117,206,384,42
"612","2001-7-28",0,117,207,384,43
"617","2001-8-4",0,117,208,384,44
"614","2001-8-11",0,117,209,384,45
"615","2001-8-18",0,117,210,384,46
"616","2001-8-25",0,117,211,384,47
"618","2001-9-1",0,117,212,384,48
"622","2001-9-8",0,117,213,384,49
"619","2001-9-15",0,117,214,384,50
"620","2001-9-22",0,117,215,384,51
"621","2001-9-29",0,117,216,384,52
"578","2001-10-6",0,117,217,384,53
"575","2001-10-13",0,117,218,384,54
"576","2001-10-20",0,117,219,384,55
"577","2001-10-27",0,117,220,384,56
"582","2001-11-3",0,117,221,384,56
"579","2001-11-10",0,117,222,384,56
"580","2001-11-17",0,117,223,384,56
"581","2001-11-24",0,117,224,384,56
"583","2001-12-1",0,117,225,384,56
"587","2001-12-8",0,117,226,384,56
"584","2001-12-15",0,117,227,384,56
"585","2001-12-22",0,117,228,384,56
"586","2001-12-29",0,117,229,385,56
"626","2002-1-5",0,117,229,386,56
"623","2002-1-12",0,117,230,387,56
"624","2002-1-19",0,117,231,387,56
"625","2002-1-26",0,117,232,387,56
"641","2002-2-2",0,117,233,387,56
"643","2002-2-9",0,118,234,387,56
"640","2002-2-16",0,119,235,387,56
"642","2002-2-23",0,120,236,387,56
"645","2002-3-2",0,121,237,387,56
"648","2002-3-9",0,122,238,387,56
"644","2002-3-16",0,123,239,387,56
"646","2002-3-23",0,124,240,387,56
"647","2002-3-30",0,125,241,387,56
"652","2002-4-6",0,126,242,387,56
"649","2002-4-13",0,127,243,387,56
"650","2002-4-20",0,128,244,387,56
"651","2002-4-27",0,129,245,387,56
"656","2002-5-4",0,130,246,387,56
"653","2002-5-11",0,131,247,387,56
"654","2002-5-18",0,132,248,387,56
"655","2002-5-25",0,133,249,387,56
"657","2002-6-1",0,134,249,387,56
"661","2002-6-8",0,136,249,387,56
"658","2002-6-15",0,138,249,387,56
"659","2002-6-22",0,140,249,387,56
"660","2002-6-29",0,141,249,387,56
"665","2002-7-6",0,142,250,387,56
"662","2002-7-13",0,143,251,387,56
"663","2002-7-20",0,144,252,387,56
"664","2002-7-27",0,145,253,387,56
"669","2002-8-3",0,146,254,387,56
"666","2002-8-10",0,147,255,387,56
"667","2002-8-17",0,148,256,387,57
"668","2002-8-24",0,149,257,387,58
"670","2002-8-31",0,150,258,387,59
"674","2002-9-7",0,151,259,387,60
"671","2002-9-14",0,152,260,387,61
"672","2002-9-21",0,153,261,387,62
"673","2002-9-28",0,154,262,387,63
"630","2002-10-5",0,155,263,387,64
"627","2002-10-12",0,156,265,387,65
"628","2002-10-19",0,157,267,387,66
"629","2002-10-26",0,157,269,387,67
"632","2002-11-2",0,157,271,387,68
"635","2002-11-9",0,157,273,387,69
"631","2002-11-16",0,157,275,387,70
"633","2002-11-23",0,157,276,387,71
"634","2002-11-30",0,158,277,387,72
"639","2002-12-7",0,159,278,387,73
"636","2002-12-14",0,160,279,387,74
"637","2002-12-21",0,161,280,387,75
"638","2002-12-28",0,162,281,388,76
"678","2003-1-4",0,163,282,389,76
"675","2003-1-11",0,164,283,390,76
"676","2003-1-18",0,165,284,391,76
"677","2003-1-25",0,166,285,392,76
"692","2003-2-1",0,167,286,393,76
"695","2003-2-8",0,168,287,393,76
"693","2003-2-15",0,169,288,393,76
"694","2003-2-22",0,171,289,394,76
"696","2003-3-1",0,173,290,395,76
"700","2003-3-8",0,175,291,396,76
"697","2003-3-15",0,176,292,396,77
"698","2003-3-22",0,177,293,396,78
"699","2003-3-29",0,178,294,396,79
"704","2003-4-5",0,179,295,396,80
"701","2003-4-12",0,180,296,396,81
"702","2003-4-19",0,181,297,396,82
"703","2003-4-26",0,182,298,396,83
"708","2003-5-3",0,183,299,396,84
"705","2003-5-10",0,184,300,396,85
"706","2003-5-17",0,185,301,396,86
"707","2003-5-24",0,186,302,396,87
"709","2003-5-31",0,187,303,396,88
"713","2003-6-7",0,188,304,396,89
"710","2003-6-14",0,189,305,396,90
"711","2003-6-21",0,190,306,396,91
"712","2003-6-28",0,192,307,396,92
"717","2003-7-5",0,194,308,396,93
"714","2003-7-12",0,195,310,396,94
"715","2003-7-19",0,196,311,396,95
"716","2003-7-26",0,197,312,396,95
"719","2003-8-2",0,198,313,396,95
"722","2003-8-9",0,199,314,396,95
"718","2003-8-16",0,200,315,396,96
"720","2003-8-23",0,201,316,396,97
"721","2003-8-30",0,202,317,396,98
"726","2003-9-6",0,203,318,396,99
"723","2003-9-13",0,204,319,396,100
"724","2003-9-20",0,205,320,396,101
"725","2003-9-27",0,206,321,396,102
"682","2003-10-4",0,207,322,396,103
"679","2003-10-11",0,208,323,396,104
"680","2003-10-18",0,209,324,396,105
"681","2003-10-25",0,210,325,396,106
"683","2003-11-1",0,211,326,396,107
"687","2003-11-8",0,213,327,396,108
"684","2003-11-15",0,214,328,396,109
"685","2003-11-22",0,215,329,396,110
"686","2003-11-29",0,216,329,396,111
"691","2003-12-6",0,217,329,396,112
"688","2003-12-13",0,218,330,396,113
"689","2003-12-20",0,219,331,396,114
"690","2003-12-27",0,220,332,396,115
"730","2004-1-3",0,221,333,396,115
"727","2004-1-10",0,222,334,396,115
"728","2004-1-17",0,223,335,396,115
"729","2004-1-24",0,224,336,396,115
"731","2004-1-31",0,225,337,396,115
"748","2004-2-7",0,226,338,396,115
"745","2004-2-14",0,227,339,396,116
"746","2004-2-21",0,228,340,396,117
"747","2004-2-28",0,229,341,396,118
"752","2004-3-6",0,230,342,396,119
"749","2004-3-13",0,231,343,396,120
"750","2004-3-20",0,232,344,396,121
"751","2004-3-27",0,232,345,396,122
"756","2004-4-3",0,232,346,396,123
"753","2004-4-10",0,232,347,396,124
"754","2004-4-17",0,232,348,396,125
"755","2004-4-24",0,232,349,396,126
"757","2004-5-1",0,232,349,396,127
"761","2004-5-8",0,232,349,396,128
"758","2004-5-15",0,232,349,396,129
"759","2004-5-22",0,232,349,396,130
"760","2004-5-29",0,232,349,396,131
"765","2004-6-5",0,232,349,396,132
"762","2004-6-12",0,233,350,396,133
"763","2004-6-19",0,234,351,396,134
"764","2004-6-26",0,235,352,396,135
"769","2004-7-3",0,236,353,396,135
"766","2004-7-10",0,237,354,396,135
"767","2004-7-17",0,238,355,396,135
"768","2004-7-24",0,239,356,396,136
"770","2004-7-31",0,240,357,396,137
"774","2004-8-7",0,241,358,396,138
"771","2004-8-14",0,242,359,396,139
"772","2004-8-21",0,243,360,396,140
"773","2004-8-28",0,244,361,396,141
"778","2004-9-4",0,245,362,396,142
"775","2004-9-11",0,246,363,396,143
"776","2004-9-18",0,247,364,396,144
"777","2004-9-25",0,248,365,396,145
"733","2004-10-2",0,249,366,396,146
"736","2004-10-9",0,250,367,396,147
"732","2004-10-16",0,252,368,396,148
"734","2004-10-23",0,254,370,396,149
"735","2004-10-30",0,255,371,396,150
"740","2004-11-6",0,256,372,396,151
"737","2004-11-13",0,257,373,396,152
"738","2004-11-20",0,258,374,396,153
"739","2004-11-27",0,259,375,396,154
"744","2004-12-4",0,260,376,396,156
"741","2004-12-11",0,261,377,396,157
"742","2004-12-18",0,262,378,396,158
"743","2004-12-25",0,263,379,396,159
"779","2005-1-1",0,264,380,396,160
"783","2005-1-8",0,265,381,396,161
"780","2005-1-15",0,266,382,396,162
"781","2005-1-22",0,267,383,396,163
"782","2005-1-29",0,268,384,397,164
"801","2005-2-5",0,269,385,398,165
"798","2005-2-12",0,270,386,399,166
"799","2005-2-19",0,271,387,400,167
"800","2005-2-26",0,272,388,401,168
"805","2005-3-5",0,273,388,402,169
"802","2005-3-12",0,274,388,403,170
"803","2005-3-19",0,275,388,404,171
"804","2005-3-26",0,276,389,405,172
"807","2005-4-2",0,277,390,406,173
"810","2005-4-9",0,278,391,407,174
"806","2005-4-16",0,279,392,409,175
"808","2005-4-23",0,280,393,411,176
"809","2005-4-30",0,281,394,413,177
"814","2005-5-7",0,282,395,415,178
"811","2005-5-14",0,283,396,417,179
"812","2005-5-21",0,284,397,419,180
"813","2005-5-28",0,285,397,421,181
"818","2005-6-4",0,287,397,423,182
"815","2005-6-11",0,289,397,425,183
"816","2005-6-18",0,291,397,426,184
"817","2005-6-25",0,293,398,427,185
"820","2005-7-2",0,294,399,428,186
"823","2005-7-9",0,295,400,429,187
"819","2005-7-16",0,296,401,430,188
"821","2005-7-23",0,297,402,431,189
"822","2005-7-30",0,298,403,433,190
"827","2005-8-6",0,299,404,435,191
"824","2005-8-13",0,299,405,437,192
"825","2005-8-20",0,299,406,439,193
"826","2005-8-27",0,299,407,441,194
"831","2005-9-3",0,299,408,443,195
"828","2005-9-10",0,299,409,445,196
"829","2005-9-17",0,299,410,447,197
"830","2005-9-24",0,299,411,449,198
"784","2005-10-1",0,299,411,451,199
"788","2005-10-8",0,300,411,453,200
"785","2005-10-15",0,301,411,455,201
"786","2005-10-22",0,302,411,458,202
"787","2005-10-29",0,303,411,461,203
"792","2005-11-5",0,304,411,464,204
"789","2005-11-12",0,305,411,467,205
"790","2005-11-19",0,306,411,470,206
"791","2005-11-26",0,307,411,473,207
"796","2005-12-3",0,308,412,476,208
"793","2005-12-10",0,309,413,479,209
"794","2005-12-17",0,310,414,482,210
"795","2005-12-24",0,311,415,485,211
"797","2005-12-31",0,312,416,488,213
"835","2006-1-7",0,313,417,491,215
"832","2006-1-14",0,314,417,494,217
"833","2006-1-21",0,315,418,497,219
"834","2006-1-28",0,317,419,499,220
"852","2006-2-4",0,318,420,501,221
"849","2006-2-11",0,319,421,502,222
"850","2006-2-18",0,320,422,503,223
"851","2006-2-25",0,321,423,504,224
"856","2006-3-4",0,322,424,505,225
"853","2006-3-11",0,323,424,506,226
"854","2006-3-18",0,324,424,506,227
"855","2006-3-25",0,325,424,506,228
"857","2006-4-1",0,326,424,506,229
"861","2006-4-8",0,327,424,506,230
"858","2006-4-15",0,328,425,506,231
"859","2006-4-22",0,329,426,506,232
"860","2006-4-29",0,331,427,506,233
"865","2006-5-6",0,333,428,506,234
"862","2006-5-13",0,335,429,506,235
"863","2006-5-20",0,337,430,506,235
"864","2006-5-27",0,338,431,506,235
"869","2006-6-3",0,339,432,506,235
"866","2006-6-10",0,340,433,506,235
"867","2006-6-17",0,341,434,506,235
"868","2006-6-24",0,342,435,506,235
"870","2006-7-1",0,343,436,506,235
"874","2006-7-8",0,344,437,506,235
"871","2006-7-15",0,345,438,506,235
"872","2006-7-22",0,346,439,506,235
"873","2006-7-29",0,347,440,506,235
"878","2006-8-5",0,348,441,506,235
"875","2006-8-12",0,349,442,506,235
"876","2006-8-19",0,350,443,506,235
"877","2006-8-26",0,351,444,506,235
"880","2006-9-2",0,352,444,506,235
"883","2006-9-9",0,353,444,506,235
"879","2006-9-16",0,354,444,506,236
"881","2006-9-23",1,355,444,506,237
"882","2006-9-30",2,356,445,506,238
"839","2006-10-7",3,357,446,506,239
"836","2006-10-14",4,358,447,506,240
"837","2006-10-21",5,359,448,506,241
"838","2006-10-28",6,360,449,506,242
"843","2006-11-4",7,361,450,506,243
"840","2006-11-11",8,362,451,506,244
"841","2006-11-18",9,363,452,506,245
"842","2006-11-25",10,364,453,506,246
"845","2006-12-2",11,365,454,506,247
"848","2006-12-9",12,366,455,506,248
"844","2006-12-16",13,367,456,506,249
"846","2006-12-23",14,368,457,506,250
"847","2006-12-30",15,369,458,506,251
"887","2007-1-6",16,370,459,506,252
"884","2007-1-13",17,371,460,506,253
"885","2007-1-20",18,372,461,506,254
"886","2007-1-27",19,373,462,506,255
"904","2007-2-3",20,373,463,506,256
"901","2007-2-10",20,374,464,506,257
"902","2007-2-17",20,375,464,506,258
"903","2007-2-24",20,376,464,506,259
"908","2007-3-3",20,377,464,506,260
"905","2007-3-10",20,378,464,506,261
"906","2007-3-17",20,379,465,506,262
"907","2007-3-24",21,380,466,506,263
"909","2007-3-31",22,381,467,506,264
"913","2007-4-7",23,382,468,506,265
"910","2007-4-14",24,383,469,506,266
"911","2007-4-21",25,384,470,506,267
"912","2007-4-28",26,385,471,506,268
"917","2007-5-5",27,386,472,506,269
"914","2007-5-12",28,387,473,506,269
"915","2007-5-19",29,388,474,506,269
"916","2007-5-26",30,389,475,506,270
"919","2007-6-2",31,390,476,506,271
"922","2007-6-9",32,390,477,506,272
"918","2007-6-16",33,390,478,506,273
"920","2007-6-23",34,390,479,506,274
"921","2007-6-30",35,390,479,506,275
"926","2007-7-7",36,391,479,506,276
"923","2007-7-14",37,392,479,506,277
"924","2007-7-21",38,393,479,506,278
"925","2007-7-28",39,394,479,506,279
"930","2007-8-4",40,395,479,506,280
"927","2007-8-11",41,396,479,506,281
"928","2007-8-18",42,397,479,506,282
"929","2007-8-25",43,398,480,506,283
"931","2007-9-1",44,399,481,506,284
"935","2007-9-8",45,400,482,506,285
"932","2007-9-15",45,401,483,506,285
"933","2007-9-22",45,403,484,506,285
"934","2007-9-29",45,405,485,506,285
"891","2007-10-6",45,407,486,506,285
"888","2007-10-13",46,409,487,506,285
"889","2007-10-20",47,411,488,506,286
"890","2007-10-27",48,413,489,506,287
"895","2007-11-3",49,415,490,506,288
"892","2007-11-10",50,417,491,506,289
"893","2007-11-17",51,419,492,506,290
"894","2007-11-24",52,420,493,506,291
"896","2007-12-1",53,421,494,506,292
"900","2007-12-8",54,422,495,506,293
"897","2007-12-15",56,423,496,506,294
"898","2007-12-22",58,424,497,506,295
"899","2007-12-29",60,425,497,506,296
"939","2008-1-5",62,426,497,506,297
"936","2008-1-12",64,427,497,506,298
"937","2008-1-19",66,429,497,506,299
"938","2008-1-26",68,431,498,506,300
"954","2008-2-2",70,433,499,506,301
"956","2008-2-9",72,434,500,506,302
"953","2008-2-16",74,435,501,506,303
"955","2008-2-23",76,436,502,506,304
"957","2008-3-1",79,437,502,507,304
"961","2008-3-8",82,438,502,508,304
"958","2008-3-15",85,439,502,509,304
"959","2008-3-22",88,440,502,510,304
"960","2008-3-29",91,441,502,511,304
"965","2008-4-5",94,442,502,512,304
"962","2008-4-12",97,443,502,513,304
"963","2008-4-19",100,444,502,514,304
"964","2008-4-26",103,446,502,515,304
"969","2008-5-3",106,448,502,517,304
"966","2008-5-10",109,449,502,519,304
"967","2008-5-17",112,450,502,521,304
"968","2008-5-24",114,451,502,523,304
"970","2008-5-31",116,452,502,525,304
"974","2008-6-7",119,453,502,527,304
"971","2008-6-14",122,454,502,529,304
"972","2008-6-21",124,455,502,531,304
"973","2008-6-28",126,456,502,533,304
"978","2008-7-5",128,457,502,535,305
"975","2008-7-12",130,458,502,537,306
"976","2008-7-19",131,459,502,538,307
"977","2008-7-26",132,460,502,539,308
"980","2008-8-2",133,461,502,540,309
"983","2008-8-9",134,462,502,541,310
"979","2008-8-16",135,463,502,542,311
"981","2008-8-23",136,463,502,543,312
"982","2008-8-30",138,464,502,544,313
"987","2008-9-6",140,465,502,545,314
"984","2008-9-13",142,466,502,546,315
"985","2008-9-20",143,467,502,546,316
"986","2008-9-27",145,468,503,546,317
"943","2008-10-4",147,469,504,546,318
"940","2008-10-11",149,470,505,546,319
"941","2008-10-18",151,471,506,546,320
"942","2008-10-25",152,472,507,546,321
"944","2008-11-1",154,473,508,546,321
"948","2008-11-8",156,474,509,546,321
"945","2008-11-15",159,475,510,546,321
"946","2008-11-22",163,476,511,546,321
"947","2008-11-29",170,477,512,546,322
"952","2008-12-6",172,478,513,546,323
"949","2008-12-13",174,479,514,546,324
"950","2008-12-20",176,480,515,546,325
"951","2008-12-27",178,481,516,546,326
"991","2009-1-3",180,482,517,546,327
"988","2009-1-10",182,482,517,546,328
"989","2009-1-17",184,483,517,546,329
"990","2009-1-24",186,483,517,546,330
"992","2009-1-31",188,483,517,546,331
"1009","2009-2-7",190,483,517,546,332
"1006","2009-2-14",192,483,517,546,333
"1007","2009-2-21",194,483,517,546,334
"1008","2009-2-28",197,483,518,546,335
"1013","2009-3-7",199,483,519,546,336
"1010","2009-3-14",201,483,520,546,337
"1011","2009-3-21",204,483,521,546,338
"1012","2009-3-28",207,483,522,546,340
"1017","2009-4-4",210,483,523,546,343
"1014","2009-4-11",213,483,524,546,346
"1015","2009-4-18",216,483,525,546,347
"1016","2009-4-25",219,483,526,546,348
"1019","2009-5-2",221,484,527,546,349
"1022","2009-5-9",223,485,528,546,350
"1018","2009-5-16",227,486,528,546,351
"1020","2009-5-23",230,487,528,546,352
"1021","2009-5-30",233,488,528,546,353
"1026","2009-6-6",235,489,528,546,354
"1023","2009-6-13",237,490,528,546,355
"1024","2009-6-20",239,491,528,546,356
"1025","2009-6-27",241,492,528,546,357
"1030","2009-7-4",243,493,528,546,358
"1027","2009-7-11",245,494,528,546,359
"1028","2009-7-18",247,495,528,546,360
"1029","2009-7-25",249,496,528,547,361
"1031","2009-8-1",251,497,528,548,362
"1035","2009-8-8",253,498,528,549,364
"1032","2009-8-15",255,499,529,550,365
"1033","2009-8-22",257,500,530,551,366
"1034","2009-8-29",259,501,531,552,367
"1039","2009-9-5",260,502,532,553,368
"1036","2009-9-12",261,503,533,554,369
"1037","2009-9-19",262,503,534,555,370
"1038","2009-9-26",263,503,535,556,371
"996","2009-10-3",265,503,535,558,372
"993","2009-10-10",267,503,535,560,373
"994","2009-10-17",269,503,535,562,374
"995","2009-10-24",271,503,535,564,375
"997","2009-10-31",273,503,535,566,376
"1001","2009-11-7",275,503,536,568,377
"998","2009-11-14",283,503,537,569,378
"999","2009-11-21",289,503,538,570,379
"1000","2009-11-28",292,503,539,571,380
"1005","2009-12-5",294,503,540,572,381
"1002","2009-12-12",296,503,541,573,381
"1003","2009-12-19",298,503,542,573,381
"1004","2009-12-26",300,503,543,573,381
"1041","2010-1-2",302,503,544,573,381
"1044","2010-1-9",304,503,545,573,381
"1040","2010-1-16",306,503,546,573,381
"1042","2010-1-23",308,503,547,573,381
"1043","2010-1-30",310,503,548,573,382
"1061","2010-2-6",313,503,549,573,383
"1058","2010-2-13",316,503,550,573,384
"1059","2010-2-20",319,503,551,573,385
"1060","2010-2-27",322,503,552,573,386
"1065","2010-3-6",324,503,553,573,387
"1062","2010-3-13",327,503,553,573,388
"1063","2010-3-20",330,504,553,573,389
"1064","2010-3-27",333,505,553,573,390
"1069","2010-4-3",336,506,553,573,391
"1066","2010-4-10",339,507,553,573,392
"1067","2010-4-17",342,508,553,573,393
"1068","2010-4-24",344,509,553,573,394
"1070","2010-5-1",346,510,553,573,395
"1074","2010-5-8",347,511,554,573,396
"1071","2010-5-15",348,512,554,573,397
"1072","2010-5-22",349,513,554,573,397
"1073","2010-5-29",350,514,554,573,397
"1078","2010-6-5",351,515,554,573,397
"1075","2010-6-12",351,516,554,573,397
"1076","2010-6-19",351,516,554,573,398
"1077","2010-6-26",351,516,554,573,399
"1082","2010-7-3",351,516,554,573,400
"1079","2010-7-10",351,516,554,573,401
"1080","2010-7-17",351,516,554,573,402
"1081","2010-7-24",351,516,554,573,403
"1083","2010-7-31",351,516,554,573,404
"1087","2010-8-7",351,516,554,573,405
"1084","2010-8-14",351,517,554,573,406
"1085","2010-8-21",352,518,554,573,407
"1086","2010-8-28",353,519,554,573,408
"1091","2010-9-4",354,520,554,573,409
"1088","2010-9-11",355,521,554,573,410
"1089","2010-9-18",356,522,554,573,411
"1090","2010-9-25",357,523,554,573,412
"1046","2010-10-2",358,524,554,573,413
"1049","2010-10-9",359,525,554,573,414
"1045","2010-10-16",360,526,554,573,414
"1047","2010-10-23",362,527,554,573,414
"1048","2010-10-30",365,528,554,573,415
"1053","2010-11-6",369,529,554,573,416
"1050","2010-11-13",380,530,554,573,417
"1051","2010-11-20",382,532,555,573,418
"1052","2010-11-27",384,534,556,573,419
"1057","2010-12-4",386,536,557,573,420
"1054","2010-12-11",388,538,558,573,421
"1055","2010-12-18",390,539,559,573,422
"1056","2010-12-25",392,540,560,573,423
"1092","2011-1-1",394,541,561,574,424
"1096","2011-1-8",396,542,562,574,425
"1093","2011-1-15",398,543,563,574,426
"1094","2011-1-22",400,544,564,574,427
"1095","2011-1-29",401,545,565,574,428
"1114","2011-2-5",402,546,566,574,429
"1111","2011-2-12",403,547,567,574,430
"1112","2011-2-19",404,548,568,574,431
"1113","2011-2-26",405,549,569,574,432
"1118","2011-3-5",406,550,570,574,432
"1115","2011-3-12",407,551,571,574,432
"1116","2011-3-19",408,552,572,574,432
"1117","2011-3-26",409,554,573,574,433
"1120","2011-4-2",409,556,574,574,434
"1123","2011-4-9",410,557,574,574,435
"1119","2011-4-16",411,558,574,574,436
"1121","2011-4-23",412,559,574,574,437
"1122","2011-4-30",413,560,574,574,438
"1127","2011-5-7",414,561,574,574,439
"1124","2011-5-14",415,562,574,574,440
"1125","2011-5-21",416,563,574,574,441
"1126","2011-5-28",418,564,574,574,442
"1131","2011-6-4",420,565,574,574,443
"1128","2011-6-11",422,566,574,574,444
"1129","2011-6-18",424,566,574,574,445
"1130","2011-6-25",426,566,574,574,446
"1133","2011-7-2",428,566,574,574,447
"1136","2011-7-9",430,566,574,574,448
"1132","2011-7-16",432,566,574,574,449
"1134","2011-7-23",434,566,574,574,450
"1135","2011-7-30",436,566,574,574,451
"1140","2011-8-6",438,566,574,574,452
"1137","2011-8-13",439,566,574,574,453
"1138","2011-8-20",439,566,574,574,454
"1139","2011-8-27",440,566,574,574,455
"1144","2011-9-3",441,566,574,574,456
"1141","2011-9-10",442,566,574,574,457
"1142","2011-9-17",443,566,574,574,458
"1143","2011-9-24",444,566,574,574,459
"1097","2011-10-1",445,566,574,574,460
"1101","2011-10-8",446,566,574,574,461
"1098","2011-10-15",447,566,574,574,462
"1099","2011-10-22",448,566,574,574,463
"1100","2011-10-29",449,566,574,574,464
"1105","2011-11-5",450,566,574,574,465
"1102","2011-11-12",451,566,574,574,466
"1103","2011-11-19",452,567,574,574,467
"1104","2011-11-26",457,568,574,574,468
"1109","2011-12-3",460,569,574,574,468
"1106","2011-12-10",462,570,574,574,468
"1107","2011-12-17",464,571,574,574,468
"1108","2011-12-24",466,572,574,574,469
"1110","2011-12-31",467,573,575,574,470
"1148","2012-1-7",468,573,575,574,470
"1145","2012-1-14",469,574,575,574,471
"1146","2012-1-21",470,575,575,574,472
"1147","2012-1-28",471,576,575,574,473
"1165","2012-2-4",472,577,575,574,474
"1162","2012-2-11",473,578,576,574,475
"1163","2012-2-18",474,579,577,574,476
"1164","2012-2-25",475,580,578,574,477
"1169","2012-3-3",476,581,579,574,478
"1166","2012-3-10",477,582,580,574,479
"1167","2012-3-17",478,583,581,574,480
"1168","2012-3-24",479,584,582,574,481
"1170","2012-3-31",480,585,583,574,482
"1174","2012-4-7",482,586,584,574,483
"1171","2012-4-14",483,586,585,574,484
"1172","2012-4-21",484,586,586,574,485
"1173","2012-4-28",485,586,587,574,486
"1178","2012-5-5",486,586,588,574,486
"1175","2012-5-12",487,586,589,574,486
"1176","2012-5-19",488,586,590,574,486
"1177","2012-5-26",489,586,591,574,486
"1180","2012-6-2",490,587,592,574,486
"1183","2012-6-9",491,588,593,574,486
"1179","2012-6-16",492,589,594,574,487
"1181","2012-6-23",493,590,594,574,488
"1182","2012-6-30",494,591,594,574,489
"1187","2012-7-7",494,592,594,574,490
"1184","2012-7-14",494,593,594,574,491
"1185","2012-7-21",494,594,595,574,492
"1186","2012-7-28",494,595,596,574,493
"1191","2012-8-4",494,596,597,574,494
"1188","2012-8-11",494,597,598,574,495
"1189","2012-8-18",494,598,599,574,496
"1190","2012-8-25",495,599,600,574,497
"1192","2012-9-1",496,600,601,574,498
"1196","2012-9-8",497,601,602,574,499
"1193","2012-9-15",498,602,603,574,500
"1194","2012-9-22",500,603,604,574,501
"1195","2012-9-29",502,604,605,574,502
"1152","2012-10-6",503,605,606,574,503
"1149","2012-10-13",505,606,607,574,504
"1150","2012-10-20",508,606,608,574,504
"1151","2012-10-27",512,607,609,574,504
"1156","2012-11-3",517,608,610,574,504
"1153","2012-11-10",522,609,610,574,504
"1154","2012-11-17",526,610,610,574,504
"1155","2012-11-24",529,611,610,574,504
"1157","2012-12-1",532,612,610,574,504
"1161","2012-12-8",535,613,610,574,504
"1158","2012-12-15",538,614,611,574,504
"1159","2012-12-22",541,615,612,575,504
"1160","2012-12-29",544,616,613,576,504
"1200","2013-1-5",547,617,614,577,504
"1197","2013-1-12",552,618,615,577,504
"1198","2013-1-19",555,619,616,577,504
"1199","2013-1-26",559,619,617,577,504
"1215","2013-2-2",562,619,618,577,504
"1217","2013-2-9",564,619,619,577,504
"1214","2013-2-16",566,619,620,577,504
"1216","2013-2-23",568,620,621,577,504
"1219","2013-3-2",570,621,622,577,504
"1222","2013-3-9",571,622,623,577,504
"1218","2013-3-16",572,623,624,577,504
"1220","2013-3-23",573,624,625,577,504
"1221","2013-3-30",575,625,626,577,504
"1226","2013-4-6",577,626,627,577,504
"1223","2013-4-13",579,627,628,577,504
"1224","2013-4-20",581,628,629,577,504
"1225","2013-4-27",583,629,630,577,504
"1230","2013-5-4",585,630,630,577,504
"1227","2013-5-11",587,631,630,577,504
"1228","2013-5-18",589,632,630,577,504
"1229","2013-5-25",591,633,630,577,504
"1231","2013-6-1",593,634,630,577,505
"1235","2013-6-8",595,635,630,577,505
"1232","2013-6-15",597,636,630,577,506
"1233","2013-6-22",599,637,630,577,507
"1234","2013-6-29",601,637,630,577,508
"1239","2013-7-6",603,637,630,577,509
"1236","2013-7-13",604,637,630,577,510
"1237","2013-7-20",605,637,630,577,511
"1238","2013-7-27",606,637,630,577,512
"1243","2013-8-3",606,637,630,577,513
"1240","2013-8-10",606,638,631,577,514
"1241","2013-8-17",606,639,632,577,515
"1242","2013-8-24",607,640,633,577,516
"1244","2013-8-31",608,641,634,577,517
"1248","2013-9-7",609,642,635,577,518
"1245","2013-9-14",610,643,636,577,519
"1246","2013-9-21",611,644,637,577,520
"1247","2013-9-28",612,644,638,577,521
"1204","2013-10-5",613,644,639,577,522
"1201","2013-10-12",614,644,640,577,523
"1202","2013-10-19",615,644,641,577,524
"1203","2013-10-26",616,644,642,577,524
"1206","2013-11-2",617,644,643,577,524
"1209","2013-11-9",619,644,644,577,524
"1205","2013-11-16",620,644,645,577,524
"1207","2013-11-23",621,644,646,577,524
"1208","2013-11-30",622,644,647,577,524
"1213","2013-12-7",623,644,648,577,524
"1210","2013-12-14",624,644,649,577,524
"1211","2013-12-21",624,644,650,578,524
"1212","2013-12-28",624,644,650,579,524
"1252","2014-1-4",624,644,650,580,524
"1249","2014-1-11",624,644,650,580,524
"1250","2014-1-18",624,644,650,580,524
"1251","2014-1-25",624,644,650,580,524
"1266","2014-2-1",624,644,650,580,524
"1269","2014-2-8",624,644,650,580,524
"1267","2014-2-15",624,644,650,580,525
"1268","2014-2-22",624,644,650,580,526
"1270","2014-3-1",624,644,650,581,527
"1274","2014-3-8",624,644,650,581,528
"1271","2014-3-15",624,644,650,581,529
"1272","2014-3-22",624,644,650,581,530
"1273","2014-3-29",624,644,650,581,531
"1278","2014-4-5",624,644,651,581,532
"1275","2014-4-12",624,644,652,581,533
"1276","2014-4-19",624,644,653,581,534
"1277","2014-4-26",624,644,654,581,535
"1282","2014-5-3",624,644,654,581,536
"1279","2014-5-10",624,644,654,581,537
"1280","2014-5-17",624,644,654,581,538
"1281","2014-5-24",624,644,654,581,539
"1283","2014-5-31",624,644,654,581,540
"1287","2014-6-7",624,644,654,581,541
"1284","2014-6-14",624,644,654,581,542
"1285","2014-6-21",624,644,654,581,542
"1286","2014-6-28",624,644,654,581,542
"1291","2014-7-5",624,645,654,581,542
"1288","2014-7-12",624,646,654,581,542
"1289","2014-7-19",624,647,654,581,542
"1290","2014-7-26",624,648,654,581,542
"1293","2014-8-2",624,649,654,581,542
"1296","2014-8-9",624,650,654,581,542
"1292","2014-8-16",624,651,654,581,542
"1294","2014-8-23",624,652,654,581,542
"1295","2014-8-30",624,653,654,581,542
"1300","2014-9-6",625,654,654,581,542
"1297","2014-9-13",626,655,654,581,543
"1298","2014-9-20",627,656,654,581,544
"1299","2014-9-27",628,657,654,581,545
"1256","2014-10-4",629,658,654,581,546
"1253","2014-10-11",630,659,654,581,547
"1254","2014-10-18",631,660,655,581,548
"1255","2014-10-25",632,661,656,581,549
"1257","2014-11-1",634,662,657,581,550
"1261","2014-11-8",637,663,658,581,551
"1258","2014-11-15",643,665,659,581,552
"1259","2014-11-22",645,666,660,581,553
"1260","2014-11-29",647,667,661,581,554
"1265","2014-12-6",649,668,662,581,555
"1262","2014-12-13",651,669,663,581,556
"1263","2014-12-20",653,670,664,582,557
"1264","2014-12-27",656,671,665,583,558
"1304","2015-1-3",658,672,666,584,559
"1301","2015-1-10",662,673,667,584,560
"1302","2015-1-17",665,674,668,584,561
"1303","2015-1-24",668,675,669,584,562
"1305","2015-1-31",671,676,670,584,562
"1322","2015-2-7",674,677,671,584,562
"1319","2015-2-14",677,678,672,584,562
"1320","2015-2-21",680,678,673,584,562
"1321","2015-2-28",683,678,674,584,562
"1326","2015-3-7",687,678,674,584,562
"1323","2015-3-14",691,678,674,584,562
"1324","2015-3-21",695,678,674,584,562
"1325","2015-3-28",698,678,674,584,562
"1330","2015-4-4",701,678,674,584,562
"1327","2015-4-11",704,678,674,584,562
"1328","2015-4-18",707,678,674,584,562
"1329","2015-4-25",710,678,674,584,562
"1332","2015-5-2",713,678,674,584,562
"1335","2015-5-9",716,678,674,584,562
"1331","2015-5-16",719,678,674,585,562
"1333","2015-5-23",722,678,674,585,562
"1334","2015-5-30",725,678,674,585,562
"1339","2015-6-6",729,678,674,585,562
"1336","2015-6-13",733,678,674,585,562
"1337","2015-6-20",737,678,674,585,562
"1338","2015-6-27",741,678,674,585,563
"1343","2015-7-4",745,678,674,585,564
"1340","2015-7-11",749,678,674,585,565
"1341","2015-7-18",753,678,674,585,566
"1342","2015-7-25",756,678,674,585,567
"1344","2015-8-1",759,678,674,585,568
"1348","2015-8-8",761,679,674,585,569
"1345","2015-8-15",763,680,674,585,570
"1346","2015-8-22",764,681,674,585,571
"1347","2015-8-29",765,682,674,585,572
"1352","2015-9-5",766,683,674,585,573
"1349","2015-9-12",767,684,674,585,574
"1350","2015-9-19",769,685,674,585,575
"1351","2015-9-26",771,686,674,585,576
"1309","2015-10-3",773,687,674,585,577
"1306","2015-10-10",775,688,674,585,578
"1307","2015-10-17",777,689,674,585,579
"1308","2015-10-24",779,690,674,585,580
"1310","2015-10-31",781,691,675,585,581
"1314","2015-11-7",782,692,676,585,582
"1311","2015-11-14",783,693,677,585,582
"1312","2015-11-21",784,694,678,585,582
"1313","2015-11-28",785,695,679,585,582
"1318","2015-12-5",786,695,680,585,582
"1315","2015-12-12",787,695,681,585,582
"1316","2015-12-19",788,695,682,586,582
"1317","2015-12-26",789,695,683,587,582
